id,full_name,loan_term,loan_amount,interest_rate
1,Bonny Janowicz,58,300000,12
2,Tyrus Fleckness,20,600000,18
3,Lanae Dennant,24,1700000,15
4,Berti Tosney,37,1800000,14
5,Daffi Lartice,27,1800000,15
6,Andi Harp,59,2200000,17
7,Amalie Hasnney,37,800000,17
8,Dalt Sowrah,49,500000,17
9,Cristiano Mattia,35,1200000,17
10,Fannie Satterlee,24,1100000,18
11,Brod Peniman,38,1700000,14
12,Germayne Gapp,30,2300000,17
13,Mala Streatley,51,1200000,17
14,Kennan Gildersleaves,60,1800000,17
15,Eberto Trynor,32,700000,13
16,Claresta Iban,51,1700000,13
17,Orella Dmytryk,51,400000,15
18,Merla Bachelar,47,700000,12
19,Odille Blacklock,38,1300000,15
20,Nessi Makepeace,17,900000,13
21,Clarine Judd,30,100000,17
22,Timmy Brient,28,1500000,14
23,Shepperd Daskiewicz,55,1200000,15
24,Chucho Reedman,50,2300000,12
25,Kaspar Cadwaladr,24,1300000,17
26,Tabina Abden,23,2500000,16
27,Boycie McCome,14,1800000,12
28,Austen Hughson,39,2100000,16
29,Chelsea Yeabsley,50,1400000,17
30,Mavis Slaten,20,900000,17
31,Sascha Noonan,56,500000,13
32,Philippa Ondracek,34,400000,18
33,Cassandra Bern,46,1600000,15
34,Wain Petracci,28,600000,16
35,Georas Struijs,34,800000,14
36,Faythe Bim,41,1700000,16
37,Dewain Sellers,22,1600000,12
38,Auberon Crane,18,500000,18
39,Marrilee de Broke,35,1100000,15
40,Fidelia Sprosson,50,500000,16
41,Sonnie Stone,23,500000,12
42,Corry Marven,60,2500000,12
43,Dal MacGebenay,27,2100000,17
44,Marylinda Stollberg,55,1700000,17
45,Stuart Speenden,23,800000,16
46,Bevon Skermer,12,1700000,15
47,Wilbert Hughf,49,1600000,18
48,Krishnah Athey,39,1900000,13
49,Hesther Ainslie,24,2000000,16
50,Delainey Emmerson,38,300000,12
51,Martainn Nisen,19,100000,17
52,Ardelia Karpychev,33,2100000,13
53,Letta Haycox,23,1100000,14
54,Garth Boutton,49,2300000,14
55,Beauregard Finnie,36,1700000,13
56,Lesley Heinrici,50,1500000,12
57,Huntington Swiers,37,1900000,16
58,Liam Harby,52,1900000,12
59,Frayda Chaters,17,700000,13
60,Carter Kurdani,15,1000000,16
61,Alta Gianilli,51,1900000,15
62,Maryanna Aspden,46,2000000,14
63,Teddi Gaisford,17,1300000,18
64,Joanie Janosevic,36,700000,16
65,Clemente Smorfit,45,1700000,14
66,Nert Klaffs,49,2200000,18
67,Dorene McGurn,51,1700000,15
68,Ollie McKevin,34,1200000,18
69,Andrey Croasdale,53,300000,13
70,Lil Chantler,45,1300000,12
71,Elvina Syres,60,2300000,17
72,Chastity Nono,17,1000000,14
73,Roley Denyer,14,200000,13
74,Genvieve Doxey,42,1300000,15
75,Jamie Deares,30,100000,13
76,Harriette De Bruin,36,1100000,12
77,Cindi Jouanny,24,400000,16
78,Ottilie Miettinen,58,1500000,13
79,Melisande Benedtti,18,1200000,14
80,Marijn Carlsson,49,700000,16
81,Dolorita Dressell,29,100000,18
82,Cody Teodoro,39,500000,14
83,Katalin Oldknow,27,500000,13
84,Cynde Gillyatt,38,1300000,17
85,Anderson Keitley,44,1500000,15
86,Glory Roke,57,2400000,17
87,Callean Daudray,58,400000,16
88,Hill Ree,45,1500000,16
89,Norby Durant,13,1800000,13
90,Antonietta Sendall,19,900000,16
91,Greer Penney,34,400000,13
92,Bryant Monketon,45,1700000,16
93,Roseline Densham,53,1100000,15
94,Kennedy Sedgefield,46,600000,12
95,Quillan Banks,29,800000,12
96,Ivy Vautre,17,2400000,16
97,Charlotta Bowling,28,1100000,12
98,Netty Pol,60,200000,18
99,Avivah Gillow,43,1100000,12
100,Lorenzo Buffin,24,2500000,12
101,Travus Martina,14,400000,15
102,Cully Fenelon,26,900000,16
103,Berta Ciccarello,53,2100000,14
104,Karna Syme,30,1800000,12
105,Buiron Garmons,40,400000,18
106,Sena Gouck,34,700000,15
107,Jacquelin Hugnin,26,2400000,14
108,Page Henrych,45,2400000,18
109,Gene Fishe,57,1200000,18
110,Fernande Bezzant,59,2100000,14
111,Kaitlynn Wernham,43,1400000,13
112,Burty Peschka,47,900000,18
113,Herbert Woodyer,23,2000000,14
114,Silva Winchcum,21,2000000,18
115,Cristobal Tayspell,40,300000,15
116,Bail Smithin,20,1400000,16
117,Galen Lord,48,400000,18
118,Ashlan Dagg,45,2000000,18
119,Justen Guerner,52,500000,14
120,Rhianna Kingsnoad,29,1000000,14
121,Corrianne Egar,24,2300000,13
122,Judy Kuhle,54,1400000,15
123,Carlo Reece,60,900000,16
124,Joey Reely,17,1600000,12
125,Kandace Morena,37,800000,13
126,Trumann Norley,55,700000,17
127,Helen Bolliver,32,2400000,15
128,Petra Eastop,42,800000,15
129,Joletta Oxenden,58,2500000,15
130,Minor Bondy,33,1900000,16
131,Genovera Toone,51,800000,18
132,Sydney Lorkings,44,1800000,18
133,Sonny McKinstry,52,2100000,13
134,Nertie Meake,53,2200000,15
135,Dorelia Alway,60,1500000,15
136,Garrick Ducker,14,2400000,18
137,Virgilio Olenichev,37,1600000,14
138,Rutherford Regitz,14,900000,15
139,Amil Bushe,51,200000,18
140,Morganica McGavin,43,100000,12
141,Ravid Bromhead,49,1800000,15
142,Audre MacGarrity,35,400000,12
143,Lewiss Swift,57,2100000,13
144,Reinhard Dunbobin,54,1700000,18
145,Bernie Renhard,25,2300000,14
146,Krissy Habercham,21,1900000,17
147,Cullen Paolacci,18,1400000,17
148,Leonhard Sivorn,52,1600000,14
149,Elisabeth Caseley,21,900000,18
150,Hanna Blurton,42,800000,14
151,Gerri Prestage,41,1200000,13
152,Buck Shury,23,1600000,12
153,Trix Falla,41,300000,17
154,Noak Cayley,23,900000,18
155,Sterling Beauman,38,1300000,18
156,Zorah Losbie,41,700000,12
157,Gerick Reglar,35,100000,18
158,Mirella Axten,47,2500000,15
159,Andrew Woolliams,44,200000,12
160,Dexter Bolton,58,1600000,14
161,Meghann Twiddy,42,2100000,14
162,Tab Wind,13,1100000,14
163,Ottilie Cranefield,22,1200000,14
164,Fidela Gwinnel,20,400000,15
165,Daniella Hammon,36,1200000,16
166,Monah Rash,29,1200000,18
167,Melina Irvine,12,100000,16
168,Godiva Trice,12,1200000,17
169,Melicent Meeron,16,1100000,15
170,Florette Barkley,27,1500000,15
171,Corabelle Lorman,24,500000,16
172,Bax Harbord,34,1300000,18
173,Elaina Hasselby,25,700000,12
174,Rosco Pavlitschek,49,900000,15
175,Lian Blackhall,26,1400000,18
176,Verena Auger,22,2200000,14
177,Camey Nixon,38,700000,16
178,Webb Titta,31,1600000,14
179,Pascale Brian,40,600000,12
180,Lotta Gagen,24,700000,17
181,Karney Bearsmore,51,100000,18
182,Fraze Davitt,17,600000,13
183,Basil Votier,16,1500000,17
184,Tressa Brawn,15,300000,17
185,Saw Oakenford,40,1300000,18
186,Paige Puttergill,19,2300000,14
187,Griffin Burnell,33,1900000,18
188,Carmelia Merwede,47,1400000,14
189,Gabbey Loncaster,48,1300000,13
190,Lauri Pally,24,300000,13
191,Bart Manz,20,2300000,13
192,Ody Edwards,39,800000,17
193,Inglis Bratley,21,2000000,16
194,Alexei Cormack,46,1900000,13
195,Tabbi McCrann,37,2100000,12
196,Rozella Kalker,21,1900000,15
197,Moise Pieroni,49,1600000,12
198,Munroe Gurery,46,300000,18
199,Jimmy Pidgeley,58,1600000,18
200,Pattin Allom,16,1800000,13
201,Fayette Rounding,55,2000000,13
202,Wenona Creavin,35,2400000,15
203,Meredithe Jeens,35,1200000,12
204,Tabor Novik,30,300000,13
205,Shannah Human,41,400000,16
206,Karlotta Goldstein,20,300000,13
207,Welch Skunes,22,1100000,14
208,Jud Taynton,59,1300000,18
209,Kendell Davydenko,12,600000,14
210,Elsie Huggin,13,700000,13
211,Matias Eickhoff,46,800000,17
212,Connie Mayer,40,2500000,16
213,Tatiana McFall,45,500000,14
214,Nehemiah Scothorne,37,2000000,13
215,Stacie Killock,20,2300000,14
216,Lynsey Houndsom,30,500000,17
217,Boony Dryburgh,22,900000,14
218,Nikolia Dimont,35,1700000,16
219,Vittorio McIlheran,41,1400000,13
220,Janot Armstead,39,800000,14
221,Jefferey Pressman,55,1000000,13
222,Roy Pic,23,600000,15
223,Suzann Crecy,35,1200000,17
224,Turner Latore,33,2100000,15
225,Kaylil Czajkowski,30,1000000,16
226,Maurie Lorentzen,20,200000,14
227,Conrade Wardhaugh,50,2200000,14
228,Lorie Comizzoli,23,900000,15
229,Onfroi Cockett,31,1200000,16
230,Basilius Rouby,35,900000,15
231,Kellie Brabyn,36,200000,17
232,Hillier Chazier,49,100000,17
233,Josie Arnott,50,1600000,18
234,Kellen Coombes,14,100000,15
235,Fanny Owttrim,24,2100000,16
236,Cozmo Ferreri,12,2100000,13
237,Costanza Kobierzycki,29,100000,12
238,Zebedee Isworth,41,1700000,18
239,Ekaterina Doughartie,50,1200000,16
240,Elyse Strongman,19,400000,16
241,Regan Couldwell,12,2500000,17
242,Marylee Studdert,45,1200000,17
243,Ayn Camfield,42,100000,13
244,Ebony Stivens,24,1000000,15
245,Garrett Ary,29,2500000,15
246,Elke Nardrup,20,2100000,18
247,Florence Boulsher,40,300000,15
248,Linn Ivanchin,60,1900000,18
249,Vito Droghan,60,2100000,15
250,Dew McLae,51,2200000,16
251,Aurilia McDool,48,100000,16
252,Cathy McVitie,20,300000,12
253,Maynard Spere,38,400000,14
254,Adorne Heasley,31,1700000,16
255,Franciskus Oakland,39,1900000,12
256,Casey Brobyn,25,800000,18
257,Elden Feechum,15,100000,13
258,Teddy Pardal,42,700000,15
259,Gunilla Bonefant,22,200000,14
260,Braden Derbyshire,44,1700000,17
261,Baron Brummell,58,1100000,15
262,Nicholas Trusse,20,1400000,13
263,Reggis Dodgshun,43,1300000,17
264,Rachael McNiven,18,100000,14
265,Gerta Seiffert,52,2400000,18
266,Devondra Maynard,23,1400000,17
267,Cass Stiff,40,1800000,16
268,Maressa Tilte,35,2500000,18
269,Milty Handes,32,100000,17
270,Bertrand Keam,37,1400000,15
271,Ilysa O'Donegan,42,1600000,12
272,Gwendolen Spellissy,32,2100000,16
273,Pascale Schulken,17,500000,18
274,Leopold Nightingale,58,500000,18
275,Bren Varnes,15,2300000,12
276,Kilian MacCostigan,46,400000,18
277,Aldo Ruter,41,2400000,17
278,Ode Stanfield,18,2300000,13
279,Harrison McNeish,39,1300000,15
280,Jard Madner,54,2200000,17
281,Abigail Biasotti,13,1000000,16
282,Fawn Boagey,16,2000000,16
283,Amber Geroldini,17,800000,16
284,Friedrich Wrotham,27,2400000,16
285,Dniren Mulvagh,43,2100000,18
286,Anett Chettle,50,1500000,18
287,Marcile Beardsell,34,1000000,16
288,Antonie Prydden,57,600000,18
289,Trula Gabala,25,2000000,14
290,Marco Percifull,41,1300000,16
291,Ulla McGrill,21,600000,16
292,Vina Reppaport,38,300000,15
293,Jeana Ladell,44,1500000,13
294,Weston De Andisie,16,2300000,13
295,Son Floweth,13,2400000,12
296,Marjorie Squirrell,30,2400000,13
297,Letitia Dron,47,600000,17
298,Freida Riggeard,18,600000,12
299,Hobie Agglio,23,300000,18
300,Sophia Ledbury,47,1200000,14
301,Steffen Tocqueville,20,1300000,15
302,Bren Iddons,41,800000,18
303,Rouvin Oluwatoyin,39,1800000,18
304,Vina Skitteral,19,1600000,18
305,Lorry Darnborough,15,2400000,17
306,Germain Allcroft,39,200000,12
307,Guenna Coddrington,14,1200000,16
308,Farlie Chinery,42,600000,18
309,Stanislas Gianasi,38,2300000,18
310,Philly Conti,26,2000000,16
311,Kissiah Slidders,45,1900000,18
312,Christina Haggata,30,1300000,13
313,Banky Wheelband,23,400000,14
314,Neille Ringwood,49,2300000,16
315,Corrina Bountiff,40,200000,16
316,Olia Conachie,44,1400000,14
317,Harrietta Elflain,40,1600000,17
318,Ave Nisot,28,1500000,14
319,Lynett McKevin,60,2400000,16
320,Geoffrey Maxworthy,58,2400000,15
321,Lona Vidyapin,40,1800000,17
322,Aldis Suttaby,29,2100000,12
323,Samuele Wedmore.,28,1800000,14
324,Kellie Netti,56,2500000,12
325,Bernadene Bruhnicke,49,600000,18
326,Imogen Filov,13,1900000,12
327,Edvard Sabati,58,2100000,15
328,Otis Tudball,44,2200000,18
329,Gauthier Bolderoe,29,1400000,15
330,Lurlene Ohlsen,58,900000,13
331,Dara Hintze,28,1500000,18
332,Anne-corinne Rableau,19,1200000,18
333,Godiva Wilcher,46,400000,15
334,Dougie Blacklock,45,700000,14
335,Mikey Wilce,37,1900000,12
336,Zorina Cicullo,26,1800000,13
337,Roy Hollingshead,54,700000,15
338,Stanislas Priestley,41,1600000,16
339,Wallie Winchcomb,30,1600000,15
340,Zulema Alty,13,1700000,18
341,Jonathon Daoust,57,2000000,13
342,Cornelle Twiggs,25,2100000,15
343,Torrie Tabbernor,30,2400000,14
344,Robinette Lynes,37,2300000,13
345,Constanta Spours,46,2300000,17
346,Madelaine Garioch,32,1600000,12
347,Irvin Beadle,56,1700000,14
348,Anett Strainge,47,700000,13
349,Katy Bogges,35,1300000,12
350,Farleigh Mc Caughen,27,2100000,13
351,Tandy Sibbit,46,1600000,18
352,Raimund Fidgett,29,900000,16
353,Noak Mardell,39,600000,12
354,Taffy Brummitt,60,1200000,15
355,Chev Winridge,53,1200000,16
356,Joycelin Gaw,28,1800000,16
357,Garrick Stubbin,29,2300000,14
358,Tommi Monan,53,900000,18
359,Monah Simcox,34,100000,12
360,Erena Blondelle,46,200000,18
361,Tallulah Upwood,58,500000,15
362,Cobbie Lowater,55,2000000,16
363,Jarid Patroni,52,600000,18
364,Padraig Lapree,26,2000000,18
365,Marcelo Stit,25,1800000,16
366,Rory Allenby,50,1700000,13
367,Hynda Bake,35,400000,12
368,Dido Moseley,29,1600000,17
369,Curtice Hryskiewicz,18,1000000,16
370,Francoise Mieville,55,1400000,18
371,Hadrian Gilberthorpe,50,2100000,13
372,Alaster Blaxill,32,400000,12
373,Raychel Tawse,16,1600000,15
374,Ky Woodford,31,1700000,15
375,Jaymie Driffill,13,700000,16
376,Bord Caldwell,12,100000,14
377,Toddie Adamson,40,1600000,18
378,Roberto Hatrick,41,2100000,13
379,Daphene Glendinning,16,1100000,13
380,Ursuline Bourcq,35,200000,17
381,Turner Hollindale,19,1100000,12
382,Kassandra Meconi,26,1400000,16
383,Jaclin Danev,47,1300000,18
384,Forester Leport,38,500000,17
385,Marie-ann Singers,45,1600000,12
386,Dyana Abramowitz,15,2300000,15
387,Stanislas Dumbrell,59,1800000,17
388,Sally Malecky,42,2300000,12
389,Shela Batts,45,1800000,14
390,Jeni Titchard,17,2300000,17
391,Brett Coupman,34,1400000,17
392,Florette Guyonnet,51,500000,15
393,Kania Grivori,23,2400000,16
394,Elroy Blanking,27,1800000,12
395,Anabal Choppin,48,1100000,14
396,Steffane Tanslie,53,1500000,12
397,Jeni Edlestone,45,2500000,15
398,Laverna Portress,12,2400000,12
399,Dorella Riddles,54,1200000,17
400,Nollie Tarquini,31,300000,14
401,Pippy Stratz,55,1800000,15
402,Brendin Redington,23,2400000,13
403,Elroy Galilee,24,1600000,12
404,Vilma MacLeod,27,1500000,18
405,Philbert Howis,45,1900000,15
406,Graeme Mewburn,50,800000,15
407,Alisha Bratcher,48,1500000,15
408,Roy Champley,56,300000,16
409,Ardys Nelsey,12,1900000,13
410,Jemie Kinane,27,600000,17
411,Jules Wheater,57,600000,18
412,Ashien Chaston,28,1600000,15
413,Melanie Geratasch,42,2500000,12
414,Allene Fabb,31,1600000,13
415,Rosalyn McLese,33,1200000,14
416,Parsifal O'Regan,29,1400000,17
417,Oby Romme,54,1300000,16
418,Dagmar Humphrys,60,2300000,18
419,Adara Casey,23,1500000,15
420,Olvan Beels,25,1700000,12
421,Corrianne Wisedale,20,1400000,17
422,Ulysses Galea,38,100000,15
423,Goldina MacGillavery,15,1100000,16
424,Konstanze Woodfield,40,1300000,15
425,Zedekiah Bruyntjes,53,1600000,12
426,Georgena Darth,17,1800000,16
427,Pen Clewes,50,2300000,18
428,Lennie Carillo,14,1200000,18
429,Consolata Townsley,56,700000,12
430,Melodee Bisiker,57,1600000,15
431,Heall Blease,47,2500000,17
432,Zelma Poynser,54,200000,17
433,Tiena Sandiland,44,2100000,18
434,Novelia Tyrie,22,2000000,13
435,Reinaldo Iseton,17,2200000,16
436,Gran Hirth,13,700000,16
437,Caleb Keasley,12,2500000,17
438,Vincenz Touson,58,600000,13
439,Bartram Seally,54,2200000,13
440,Yul Culleford,43,1400000,12
441,Dorelia Paolicchi,20,300000,13
442,Noreen Klulisek,43,500000,16
443,Maurits Cosham,59,100000,14
444,Sloan Dumelow,37,200000,12
445,Shaylyn Braunston,50,2400000,17
446,Miltie Metcalf,14,800000,17
447,Megan Maddigan,36,1300000,14
448,Roxy Frayne,21,2100000,14
449,Tanner Ansill,47,1700000,14
450,Elka Hargate,38,2200000,13
451,Veronike Mallock,15,900000,13
452,Ben Pridden,35,2200000,15
453,Phylis Tulloch,60,1800000,12
454,Delly Giabuzzi,43,1200000,17
455,Amalea McIlenna,18,2100000,12
456,Essy Carlson,56,2500000,15
457,Jessee Kemme,18,2000000,15
458,Ludovika Farman,51,1700000,15
459,Magdalena Anfossi,18,1900000,13
460,Cherry Foakes,22,500000,14
461,Westley Tarte,48,900000,15
462,Eva Records,24,2400000,14
463,Meryl Demageard,55,800000,13
464,Filberto Boffey,21,100000,15
465,Shurwood Hedan,18,2000000,17
466,Emelita Cordoba,55,1700000,12
467,Bentley Crock,55,1200000,14
468,Jammal Leeuwerink,46,1800000,16
469,Maude Isgar,57,2500000,18
470,Brooke de Broke,57,400000,14
471,Fletch Rable,23,1800000,13
472,Carlie Orrick,31,1700000,18
473,Brittney Bunyan,14,1900000,18
474,Jerald Rossbrook,31,2400000,16
475,Guthry Richardon,57,1500000,18
476,Welby Glading,29,800000,13
477,Pate Ruppele,23,1000000,16
478,Stormie Duchart,29,1500000,15
479,Saree Ahmed,46,800000,12
480,Zaneta Dalli,56,100000,13
481,Laraine Diben,17,600000,18
482,Pavla Iamittii,38,400000,13
483,Heinrick McGinley,42,1400000,12
484,Bernelle Hudspith,50,400000,14
485,Noach Luchelli,14,2400000,16
486,Alexandr Brierly,49,1800000,13
487,Kerr Foddy,57,600000,17
488,Sibby Brabin,28,700000,13
489,Marigold Rozenzweig,43,500000,16
490,Edithe Grahlman,18,1000000,12
491,Karol Smooth,54,500000,15
492,Augustin Haslum,56,200000,15
493,Abbie Wichard,36,700000,12
494,Hyacinthe Powell,34,1800000,13
495,Lonnie Jerisch,37,1400000,12
496,Teddy Cochern,58,2200000,18
497,Paddie Gillibrand,51,1400000,14
498,Anica Kennerley,43,1800000,12
499,Benni Bullivent,58,700000,17
500,Aron Broadberrie,27,100000,13
501,Harris Sprigging,39,1300000,17
502,Ranna Belitz,55,1400000,17
503,Paige Bramwich,47,500000,18
504,Chelsea McMillian,27,1000000,14
505,Peggi Sugar,49,1000000,12
506,Nathalia Dewerson,34,400000,18
507,Mella Pamment,28,700000,12
508,Vivie Houseman,42,1300000,13
509,Jorey Hans,35,2200000,17
510,Vivi McMaster,17,2500000,16
511,Melba Nibloe,52,2500000,16
512,Yalonda Skillen,30,400000,14
513,Rennie Jales,31,200000,12
514,Pauly Wayne,40,900000,12
515,Kimble Bartolommeo,26,900000,18
516,Joe Hebdon,52,100000,16
517,Starlene Sully,16,1300000,14
518,Gianina Luton,28,1000000,16
519,Meir Deinert,14,300000,18
520,Twila Battey,46,100000,12
521,Debby Matthewes,41,2300000,18
522,Borg MacIlriach,41,2200000,17
523,Dorree Ballaam,44,1800000,17
524,Goran Gerge,50,1900000,12
525,Gun Stubbings,37,1300000,13
526,Morris Markham,24,400000,17
527,Caesar Heffy,44,600000,14
528,Cami Petti,21,300000,13
529,Lindy Alfonsetto,19,800000,17
530,Debby Zecchinii,45,200000,18
531,Shaughn Dolbey,33,800000,17
532,Kathie Blinkhorn,22,1200000,13
533,Ivie Alyukin,24,1800000,16
534,Diane-marie McMillan,35,2200000,17
535,Alvie Lamartine,18,1000000,15
536,Brittani Larrie,28,2000000,15
537,Alexis Whitford,23,600000,12
538,Putnam Yarmouth,53,2000000,16
539,Mikel Letertre,32,1200000,15
540,Glennie Crooke,51,700000,13
541,Henrik Boneham,15,800000,15
542,Rasia Latchmore,38,200000,13
543,Brana Kaman,50,100000,16
544,Nefen Arman,40,1200000,17
545,Teresita Redford,22,1600000,14
546,Milzie McGenis,19,1800000,18
547,Kinsley MacShirrie,15,1800000,16
548,Prudi McGlade,51,1400000,12
549,Augustina Gerdts,17,1100000,14
550,Virgina Tineman,56,2100000,14
551,Rosaleen MacAne,25,2200000,14
552,Morissa Jeannot,36,500000,15
553,Guillermo Bynert,44,1600000,16
554,Shae McGiveen,31,2300000,17
555,Fedora Lomis,15,2400000,15
556,Percy Fieldhouse,37,1000000,13
557,Dante O'Kerin,52,800000,16
558,Ava Curnok,44,700000,18
559,Rufe Cowden,47,400000,17
560,Erie Calrow,45,2200000,17
561,Stephanie Jagiela,43,2100000,13
562,Blisse Arntzen,59,2400000,14
563,Amalea Ferrarin,17,1300000,13
564,Kristine Nellis,13,700000,16
565,Wynne Tuma,23,2100000,16
566,Monti Maber,14,600000,16
567,Deedee Gildersleeve,37,1500000,16
568,Dorelia Spittall,33,2200000,15
569,Bronnie Begwell,16,2300000,14
570,Pepillo Swainston,33,100000,17
571,Birch Jessup,54,700000,13
572,Erinna McKillop,34,400000,13
573,Roderich Duggan,37,100000,15
574,Moore Del Castello,16,2100000,15
575,Tristam Carstairs,35,2100000,14
576,Stormi Guerrieri,35,2100000,18
577,Hurlee Lennarde,19,2100000,13
578,Ricki Rhodes,32,400000,15
579,Milly Costa,44,200000,15
580,Emmye Tassel,44,500000,12
581,Charlean Sommerlin,18,2000000,14
582,Washington Pashler,21,2000000,17
583,Edan Elam,19,1600000,14
584,Marcelo Peeke-Vout,38,300000,18
585,Candis Bouette,58,400000,15
586,Ernestus Mellows,48,800000,14
587,Matteo Burkin,19,2300000,15
588,Jory Dyer,48,1000000,15
589,Hedwiga Allsupp,14,700000,12
590,Jervis McNiven,57,1900000,12
591,Ardyce Speeks,33,500000,13
592,Jacquetta Reveley,51,1200000,13
593,Vincents Ruberti,25,2400000,17
594,Sansone Nern,50,2300000,15
595,Mic Meake,42,1000000,18
596,Sheela Hoble,31,1500000,15
597,Giffard Baser,33,900000,12
598,Roxanne Rickword,53,1000000,15
599,Dieter Pawlaczyk,27,2400000,14
600,Romola Durrell,36,700000,12
601,Kaspar Caspell,59,200000,16
602,Dev Musgrove,53,1000000,17
603,Tilda McKinstry,36,2100000,18
604,Carri Costanza,19,2500000,18
605,Brig Rulton,30,100000,16
606,Francis Littrell,56,1800000,14
607,Lesley Baxill,46,2400000,17
608,Shayne Bidmead,48,500000,12
609,Zsazsa Verryan,31,900000,15
610,Russell Weddup,47,200000,12
611,Kristy Sans,39,1500000,12
612,Solly Laffoley-Lane,46,2000000,15
613,Angel Lipman,32,1100000,12
614,Shandie Buchett,25,1900000,18
615,Mendy Drewell,31,800000,14
616,Stephie Brasted,14,1200000,14
617,Lorie Behnke,58,800000,17
618,Fitz McKimm,54,1000000,13
619,Etan Pearch,56,700000,16
620,Lucina Abethell,32,300000,13
621,Alexei Whitehorne,39,1900000,18
622,Norma Trolley,20,1900000,14
623,Bat Schieferstein,48,1600000,16
624,Niel Podbury,50,2000000,13
625,Jeramey Castagnet,20,1700000,15
626,Meta Sowman,55,100000,16
627,Mandi Renn,19,500000,16
628,Milt Robelet,60,2200000,14
629,Ly Mitkcov,44,1800000,16
630,Iain Haistwell,57,2200000,17
631,Hermine Slavin,42,300000,16
632,Serena Ashfield,45,1300000,15
633,Marlowe Chittleburgh,51,900000,18
634,Les Treagust,50,1000000,16
635,Valry Edkins,51,400000,16
636,Corrianne Whittuck,29,300000,18
637,Dag Marde,46,2300000,13
638,Dar Kayzer,38,400000,14
639,Xena Arbon,40,700000,15
640,Janella Pischof,37,2400000,18
641,Nicki Speirs,45,2200000,18
642,Ursuline Scroggins,49,100000,12
643,Helli Tiron,27,2500000,14
644,Alphard Clixby,46,200000,14
645,Marlie Usher,34,2100000,16
646,Marian Black,29,1300000,18
647,Cathee Surby,14,1700000,15
648,Claudianus Clipston,14,2000000,18
649,Correna Tofanini,23,1600000,15
650,Karel Le Batteur,15,2000000,17
651,Avrit Pluck,19,300000,17
652,Edsel Borman,34,1400000,15
653,Danette Gowans,55,1800000,12
654,Rozamond Rubin,14,1400000,12
655,Welch Menichino,24,1600000,12
656,Farrel Housden,36,1400000,13
657,Dana Killford,37,1500000,13
658,Blinni Critten,12,1400000,14
659,Leshia Smeaton,28,2500000,15
660,Brunhilde Van Waadenburg,17,500000,14
661,Ermin Berrisford,26,2500000,17
662,Clywd Fonzo,39,1300000,12
663,Quentin Warkup,31,700000,17
664,Prescott Beckinsall,52,1200000,17
665,Cathi Pre,27,2300000,12
666,Darcy McKendry,46,1500000,17
667,Wynne Backhurst,33,200000,13
668,Janet Lockwood,22,2400000,16
669,Fredric Liddel,54,400000,15
670,Booth Syddall,18,100000,14
671,Wynn Galway,48,1800000,15
672,Pris Pitts,52,2300000,13
673,Bernette Rollinson,55,1100000,13
674,Janifer Roughsedge,38,600000,15
675,Sisile Gullivent,34,2200000,16
676,Rollin Bradder,42,100000,13
677,Darline Avann,52,100000,12
678,Quinta Ivanaev,50,1100000,15
679,Talbert MacTeague,35,1600000,18
680,Eveleen Brogini,35,1500000,16
681,Shoshana Ticehurst,38,800000,14
682,Alden Pygott,43,600000,16
683,Mac Extal,34,200000,15
684,Salomi Goady,17,2500000,13
685,Karalynn Grimley,23,2500000,14
686,Darcie Toogood,14,800000,18
687,Gloriane Houtbie,49,900000,13
688,Eloisa Windram,36,2100000,12
689,Sidonnie Haking,52,1100000,18
690,Warren Garbutt,26,1600000,18
691,Theda Lackington,25,2100000,16
692,Yvon Romanelli,39,100000,12
693,Claus Calveley,14,300000,12
694,Susanetta Reisk,22,2300000,15
695,Moss Skegg,23,1200000,12
696,Bastien Youens,48,400000,15
697,Jo ann Diable,33,2400000,13
698,Pattin Gimeno,35,900000,15
699,Phillie Balham,47,2400000,16
700,Chere Reddyhoff,26,1900000,16
701,Darrell Coulling,47,800000,16
702,Sileas Hartzog,40,1400000,16
703,Lotta Martineau,13,800000,16
704,Rosa Blondelle,39,2400000,15
705,Suzi Gingles,47,800000,17
706,Andra O'Leahy,55,1500000,17
707,Engracia Carrabott,35,1000000,12
708,Elvira Redmayne,21,700000,14
709,Reggie Bowdrey,13,2000000,13
710,Kynthia Manklow,31,200000,16
711,Humbert Doig,47,1000000,18
712,Flori Nourse,14,1500000,17
713,Ethelin Phil,42,600000,14
714,Pru Mathelin,17,1400000,13
715,Ethelred Hallad,50,200000,16
716,Lacie Sheddan,24,900000,18
717,Harlene Cesaric,13,700000,14
718,Adrian Enrdigo,34,2200000,14
719,Emelia Speddin,14,2000000,17
720,Nikita Siemandl,49,1500000,13
721,Gardiner Klimas,43,1300000,16
722,Claudius Timmens,23,1200000,15
723,Berkie Spadeck,46,300000,14
724,Denna Noli,57,100000,13
725,Joela Croutear,19,1100000,12
726,Madel Payn,35,800000,14
727,Walsh Ryan,42,100000,16
728,Gabriel Kirkup,54,1000000,18
729,Holly-anne MacTrustie,18,1200000,18
730,Blondelle Place,54,1500000,15
731,Melisent Cream,51,2100000,16
732,Benito Reading,39,2100000,12
733,Allys Schnitter,33,1700000,14
734,Cthrine Franken,29,800000,17
735,Norman Helsdon,44,900000,14
736,Gus Broader,32,800000,17
737,Lianne Tipling,32,400000,15
738,Celie Pien,26,800000,12
739,Meggy Fedynski,52,800000,14
740,Obie Dubbin,36,100000,13
741,Shirleen Bootes,49,1200000,13
742,Elvina Denham,56,500000,14
743,Stan O'Hartigan,18,700000,14
744,Berry Smalecombe,47,2500000,14
745,Tonye Elderbrant,56,2400000,16
746,Jeff Nesbeth,19,2500000,17
747,Elora Gallant,40,100000,17
748,Jobye Bartosik,22,800000,14
749,Madeline Sollas,42,1200000,18
750,Ruthe Eathorne,21,2300000,18
751,Stefanie Baswall,12,400000,16
752,Elnar Osan,52,2200000,14
753,Nobe Mercy,12,1000000,15
754,Maegan Elcox,30,2200000,12
755,Adham Mallatratt,50,2100000,12
756,Eldridge Yendall,56,1300000,16
757,Christabella Penticoot,54,1000000,12
758,Collette Lanahan,37,500000,13
759,Hall Toop,34,600000,17
760,Charmain Brace,41,1200000,14
761,Rochelle Wiffield,56,200000,17
762,Rockie Lampl,37,900000,16
763,Irvin Lyokhin,20,1600000,12
764,Auberta Beek,42,1000000,14
765,Haywood Rois,37,100000,18
766,Mufinella Pethick,14,700000,15
767,Gavra Smellie,28,1500000,13
768,Jeremias De Lacey,19,2500000,12
769,Susann Rainey,30,1600000,12
770,Lenee Dornin,15,2400000,15
771,Julian McIlvenna,43,2300000,17
772,Ethel Bladen,33,1400000,17
773,Emlynn Beddie,12,300000,16
774,Bella Worcs,31,1700000,13
775,Tina Struys,28,2500000,13
776,Shaylynn Bastin,33,2400000,18
777,Oliviero Brunini,30,1900000,12
778,Bertram Krook,52,2500000,17
779,Chery Spradbery,17,700000,15
780,Hervey Kroger,18,700000,12
781,Roselia Hof,34,1300000,13
782,Mohandis Boice,37,2300000,16
783,Hayward Moline,16,2400000,17
784,Heddie Boxhall,18,100000,18
785,Billi Lyndon,33,100000,18
786,Dorisa Giacubo,43,1700000,17
787,Ealasaid Tolliday,36,600000,18
788,Murial Ashdown,12,2100000,18
789,Bevvy MacMychem,12,800000,17
790,Sasha Beadle,47,300000,13
791,Emyle Kalkofen,16,1700000,13
792,Crissy Delamere,21,300000,13
793,Erena Pittwood,56,2300000,17
794,Trenna Tolomei,36,400000,17
795,Padraic Shilstone,56,600000,12
796,Francis Koubek,55,300000,12
797,Ivor Battye,54,900000,18
798,Nelly Pryce,20,1900000,18
799,Cristal Lavigne,17,300000,17
800,Trent Salerg,29,400000,16
801,Hubie Tzar,26,2100000,15
802,Daria Rideout,33,200000,13
803,Esdras Deathridge,42,1000000,12
804,Terrill Feldman,18,2400000,16
805,Lauretta Curds,34,400000,16
806,Bertina Boyton,37,1700000,15
807,Der Bidwell,47,2100000,15
808,Mae Tree,37,800000,17
809,Marguerite Lazar,43,200000,17
810,Annette Rotter,54,900000,17
811,Gene Whitwell,17,200000,16
812,Mellie Bradd,58,400000,14
813,Torrence Cumming,29,800000,12
814,Raynell Romei,52,2200000,17
815,Sheela de Vaen,47,1000000,16
816,Alix Meaker,30,1300000,12
817,Shara Melbourn,52,900000,14
818,Lawton Gentile,22,2400000,15
819,Therese Caseri,60,2400000,13
820,Damara Tingcomb,49,2200000,17
821,Haslett Mangan,29,100000,18
822,Thadeus Ickov,56,1800000,16
823,Alric Ceyssen,51,1100000,18
824,Crissy Staig,24,1400000,15
825,Domenic Byfield,36,1200000,17
826,Zane Newcom,43,500000,17
827,Arman O'Connell,38,700000,17
828,Josey Cresswell,24,1700000,16
829,Svend Gasking,43,1700000,12
830,Jacki Coxen,57,600000,16
831,Cecile Rodden,19,2200000,12
832,Arnuad Assante,23,2400000,16
833,Tarrance Huzzey,59,1600000,17
834,Babette Parlot,53,200000,12
835,Ike Stove,50,800000,16
836,Brittaney Rumin,59,800000,16
837,Kalli Clogg,20,200000,17
838,Ax Tuxell,12,1700000,18
839,Gay Penkethman,51,1500000,14
840,Isadora Sincock,45,400000,18
841,Carol Waterson,41,1100000,18
842,Payton Boam,17,800000,18
843,Janifer Swinerd,33,2100000,15
844,Hill Lowdham,43,800000,18
845,Cross Gebuhr,12,1000000,13
846,Rosy Roseby,19,2300000,14
847,Ania Robertelli,53,1700000,17
848,Chelsea Madeley,20,1100000,14
849,Laurie Slatter,46,1900000,16
850,Freda Mulqueeny,14,2400000,12
851,Sander Figge,26,1900000,14
852,Raymund Posner,44,2500000,15
853,Marjorie Dracksford,23,2500000,15
854,Shae Snaith,29,2400000,15
855,Leta Scramage,42,1700000,13
856,Rosetta Russon,34,2400000,15
857,Caresse Roby,54,1900000,12
858,Isahella Toffler,26,2300000,17
859,Kaspar Crossdale,30,1800000,13
860,Krystle Wilber,25,2000000,13
861,Prudence Jacquest,55,1600000,14
862,Vonny State,58,700000,13
863,Annaliese Ten Broek,48,600000,18
864,Hanna Sarfass,34,2200000,18
865,Mellie Morden,22,1200000,15
866,Waneta Redit,41,200000,12
867,Ambur Hedingham,49,1200000,15
868,Cathe Dymott,55,2300000,16
869,Augustine Raitie,51,1700000,16
870,Wiatt Surfleet,53,600000,17
871,Jewel O'Cannon,35,700000,17
872,Ignacio Van Hault,37,2500000,18
873,Darell Swindells,12,1800000,16
874,Floyd Batteson,35,2400000,16
875,Huntley Bloom,35,1100000,12
876,Roth Boud,54,1500000,18
877,Neill Cumpton,34,1000000,17
878,Caril Pote,21,1000000,16
879,Dunn Ketley,58,1500000,18
880,Darnell Isherwood,35,1000000,15
881,Elliott Wratten,12,1300000,12
882,Cordelie Barrowcliffe,27,1500000,13
883,Leonie Saldler,12,200000,14
884,Mata Kesper,15,300000,18
885,Garret Callear,21,2400000,17
886,Sean Symper,38,2200000,17
887,Florenza Mashro,41,100000,15
888,Talbot Kingman,21,2000000,16
889,Annice Sadlier,26,1200000,15
890,Laural Greenhill,43,1100000,12
891,Toby Heaphy,29,1800000,17
892,Hillard Fosdick,38,1900000,18
893,Stephanie Stickells,49,2200000,12
894,Elvira McCathie,54,700000,17
895,Jacques Musslewhite,46,1000000,13
896,Ulises Petti,41,2400000,13
897,Angelica Kindleysides,15,700000,13
898,Sharla Creegan,53,2200000,15
899,Letta Dyzart,35,1900000,15
900,Shara Carnegie,54,1500000,13
901,Montgomery Corp,19,2400000,18
902,Carmelia Punton,16,2300000,13
903,Venita Langhorn,35,100000,16
904,Millisent Salsberg,16,1100000,14
905,Katerine Bowhay,34,2100000,12
906,Moina Elles,43,2000000,15
907,Kimmie Gary,33,2200000,16
908,Ivy Rooze,60,300000,17
909,Amie Huetson,42,600000,16
910,Marysa Howison,17,400000,16
911,Auberon Glass,28,1500000,16
912,Lucho Stanford,43,2300000,17
913,Christal Ling,23,1100000,13
914,Gran Capoun,32,2300000,14
915,Terence Darragh,15,200000,18
916,Alice Armytage,12,1300000,16
917,Leupold Heijnen,19,1000000,14
918,Lenna Huntress,27,100000,12
919,Wadsworth Shewsmith,39,500000,16
920,Valentine Dubois,36,2000000,16
921,Loy Carriage,51,1600000,12
922,Meghan Padberry,30,1300000,16
923,Jolene Sails,14,200000,17
924,Collete Barbier,57,400000,14
925,Ambros Meakin,30,800000,18
926,Somerset Devereux,57,1900000,17
927,Lawton Benford,39,1500000,15
928,Carlee Agastina,25,700000,14
929,Ronny Sinderland,49,400000,16
930,Kate Blackney,49,1400000,18
931,Ranee Poulsen,36,1300000,15
932,Idette Catterall,38,1800000,18
933,Pattie Landsberg,49,1700000,13
934,Jeramey Stratiff,22,2200000,12
935,Dode Brandin,16,600000,16
936,Elizabet Edie,59,900000,13
937,Juliette Glayzer,60,2400000,15
938,Clementius Drioli,58,1700000,13
939,Bernardina Sammonds,17,500000,13
940,Bartlet Andraud,26,1800000,14
941,Ingaberg Mammatt,26,700000,16
942,Andrea Rotchell,60,1700000,14
943,Saree Tattoo,40,500000,15
944,Neron Vasilchenko,13,1800000,16
945,Stanfield Langmead,59,600000,18
946,Lloyd Steabler,20,2200000,15
947,Kahlil Dooler,54,1000000,14
948,Ricard Attock,50,700000,14
949,Kristi Joseph,15,2100000,14
950,Catrina Stoves,52,400000,18
951,Biddie Elmhurst,30,2500000,12
952,Kyrstin Krinks,25,2400000,18
953,Jarad Daubney,60,800000,13
954,Merrill Wemyss,16,900000,12
955,Franciskus Polo,22,400000,18
956,Zorine Pinches,42,1300000,17
957,Tommie Howey,31,1400000,12
958,Estella Stidever,58,2000000,14
959,Gweneth Johnsey,51,1400000,12
960,Corey Palfery,32,1800000,15
961,Violet Dollard,42,1700000,12
962,Carleen Pilkinton,25,100000,15
963,Pamelina Biford,12,1200000,17
964,Tine Mebs,35,200000,13
965,Brynne Lovitt,29,200000,12
966,Angy Saltwell,42,1600000,12
967,Yetty Ugolotti,50,2500000,15
968,Roch Kulvear,53,200000,12
969,Mallory Yakunchikov,42,300000,13
970,Randy Dorrance,56,2000000,13
971,Ericka Howieson,37,2100000,12
972,Sande Wedgbrow,14,2500000,15
973,Gabbie Pirazzi,19,1900000,18
974,Christos Eacott,24,900000,17
975,Kent Steketee,59,700000,13
976,Rafaelia Edie,49,400000,16
977,Daron Langan,38,1800000,18
978,Carolann Attewill,35,700000,17
979,Stacy Fould,52,1300000,16
980,Ryley Dewdney,25,300000,14
981,Maximilien Pickard,33,300000,17
982,Demott Bowling,16,2100000,14
983,Fallon Bootland,26,300000,14
984,Ina Gioan,60,1000000,12
985,Vivyan Ellacombe,55,1300000,17
986,Barr Rapkins,39,1100000,16
987,Marji Surgeoner,57,2500000,12
988,Kele Gummow,44,2100000,14
989,Mathew Holberry,12,900000,18
990,Cami Franses,50,200000,14
991,Justinian Abrahamson,32,2200000,15
992,Erina D'Ambrosio,13,700000,12
993,Taddeo Garter,27,2200000,12
994,Elvira Boame,16,1600000,17
995,Milo Taill,31,1400000,18
996,Julienne Pick,40,2400000,14
997,Jsandye Palfreeman,20,1600000,16
998,Adelle Batch,28,1900000,16
999,Atalanta Moynham,50,1100000,14
1000,Shanon Castellucci,54,600000,13
